{
  "dof": 7,
  "mass": [
    2.9274653454,
    2.9355370338,
    2.2449013699,
    2.6155955791,
    2.3271207594,
    1.8170376524,
    0.6271432862
  ],
  "inertia": [
    [
      0.029251667870215825,
      0.026844780555151198,
      0.0073118304170600324,
      -0.0040433658256480232,
      -0.00011400109837233368,
      1.3339806911428163E-5
    ],
    [
      0.058382302475759484,
      0.025402971452380317,
      0.077947156821385949,
      -0.0023020845051294134,
      0.0039954251019396324,
      0.00089700103884627345
    ],
    [
      0.026038040020634413,
      0.025343934859831684,
      0.022815593465371591,
      -0.0024177174112898982,
      -0.00020896956136297676,
      0.002845107975760805
    ],
    [
      0.045117347728241143,
      0.034584422470358707,
      0.0571652506355736,
      0.00042856218054929639,
      0.0091284749374601088,
      0.020796623697011039
    ],
    [
      0.075631756359527458,
      0.06991327104449914,
      0.018421103481725317,
      0.017297618515175341,
      -0.0039304869992647425,
      -0.0056059810166222768
    ],
    [
      0.0086590732263061472,
      0.020725169803852153,
      0.025618583168554476,
      -0.0020722158561896839,
      0.0025253050874750231,
      0.010645194154713471
    ],
    [
      0.000421433483866911,
      0.00035385622307232975,
      0.00011942581331551032,
      0.00017488200328217451,
      9.14889520124095E-5,
      -4.8799518019866922E-5
    ]
  ],
  "A": [
    [
      0,
      0,
      1,
      0,
      0,
      0
    ],
    [
      0,
      0,
      1,
      0,
      0,
      0
    ],
    [
      0,
      0,
      1,
      0,
      0,
      0
    ],
    [
      0,
      0,
      1,
      0,
      0,
      0
    ],
    [
      0,
      0,
      1,
      0,
      0,
      0
    ],
    [
      0,
      0,
      1,
      0,
      0,
      0
    ],
    [
      0,
      0,
      1,
      0,
      0,
      0
    ]
  ],
  "M": [
    [
      0,
      0,
      0,
      0,
      0,
      0.333
    ],
    [
      -1.570796326794897,
      -0,
      -0,
      0,
      0,
      0
    ],
    [
      1.570796326794897,
      0,
      0,
      0,
      -0.316,
      0
    ],
    [
      1.570796326794897,
      0,
      0,
      0.0825,
      0,
      0
    ],
    [
      -1.570796326794897,
      -0,
      -0,
      -0.0825,
      0.384,
      0
    ],
    [
      1.570796326794897,
      0,
      0,
      0,
      0,
      0
    ],
    [
      1.570796326794897,
      0,
      0,
      0.088,
      0,
      0
    ]
  ],
  "ME": [
    [
      1,
      0,
      0,
      0
    ],
    [
      0,
      1,
      0,
      0
    ],
    [
      0,
      0,
      1,
      0.107
    ],
    [
      0,
      0,
      0,
      1
    ]
  ],
  "com": [
    [
      4.128E-7,
      -0.0181251324,
      -0.038603597
    ],
    [
      0.0031828864,
      -0.0743221644,
      0.0088146084
    ],
    [
      0.0407015686,
      -0.0048200565,
      -0.0289730823
    ],
    [
      -0.0459100965,
      0.063049296,
      -0.0085187868
    ],
    [
      -0.0016039605,
      0.0292536262,
      -0.097296599
    ],
    [
      0.0597131221,
      -0.0410294666,
      -0.0101692726
    ],
    [
      0.0045225817,
      0.0086261921,
      -0.0161633251
    ]
  ],
  "gravity": [
    0,
    0,
    -9.8
  ],
  "TCP": [
    [
      1,
      0,
      0,
      0
    ],
    [
      0,
      1,
      0,
      0
    ],
    [
      0,
      0,
      1,
      0
    ],
    [
      0,
      0,
      0,
      1
    ]
  ]
}