  {
  "dof": 7,
  "mass": [
    4.970684,
    0.646926,
    3.228604,
    3.587895,
    1.225946,
    1.666555,
    0.735522
  ],
  "inertia": [
    [
      0.70339152585027376,
      0.70668463792693748,
      0.0092131637772112241,
      0.019169,
      0.006772,
      -0.00017908297444049997
    ],
    [
      0.00850351162402155,
      0.028124284712194955,
      0.026534991901690206,
      0.0007689361029464,
      0.010261101821008169,
      -0.00398335888393552
    ],
    [
      0.056494926014070829,
      0.052878381999606108,
      0.018249202292520111,
      -0.0043772571218395843,
      -0.0054876481065622559,
      -0.0082483331406757437
    ],
    [
      0.067677270250859914,
      0.032399430424451321,
      0.0775861490525396,
      -0.0016444875773692705,
      0.0039053550262761003,
      0.02771584317362585
    ],
    [
      0.039427570958035521,
      0.031460372325260388,
      0.010869510762828563,
      0.0021640520520981297,
      -0.0046002455175631054,
      -0.0015152444733270301
    ],
    [
      0.0024804603581707893,
      0.01056776613310695,
      0.011794560230238949,
      9.3569097314605E-5,
      -0.00010375891721868492,
      0.0015241109028833149
    ],
    [
      0.015320008390949585,
      0.012899064612428356,
      0.0049096519673609458,
      -0.000548359106408232,
      -0.001672482661783778,
      -0.000395108718315752
    ]
  ],
  "A": [
    [
      0,
      0,
      1,
      0,
      0,
      0
    ],
    [
      0,
      0,
      1,
      0,
      0,
      0
    ],
    [
      0,
      0,
      1,
      0,
      0,
      0
    ],
    [
      0,
      0,
      1,
      0,
      0,
      0
    ],
    [
      0,
      0,
      1,
      0,
      0,
      0
    ],
    [
      0,
      0,
      1,
      0,
      0,
      0
    ],
    [
      0,
      0,
      1,
      0,
      0,
      0
    ]
  ],
  "M": [
    [
      0,
      0,
      0,
      0,
      0,
      0.333
    ],
    [
      -1.57079632679,
      -0,
      -0,
      0,
      0,
      0
    ],
    [
      1.57079632679,
      0,
      0,
      0,
      -0.316,
      0
    ],
    [
      1.57079632679,
      0,
      0,
      0.0825,
      0,
      0
    ],
    [
      -1.57079632679,
      -0,
      -0,
      -0.0825,
      0.384,
      0
    ],
    [
      1.57079632679,
      0,
      0,
      0,
      0,
      0
    ],
    [
      1.57079632679,
      0,
      0,
      0.088,
      0,
      0
    ]
  ],
  "ME": [
    [
      1,
      0,
      0,
      0
    ],
    [
      0,
      1,
      0,
      0
    ],
    [
      0,
      0,
      1,
      0.107
    ],
    [
      0,
      0,
      0,
      1
    ]
  ],
  "com": [
    [
      0.003875,
      0.002081,
      0
    ],
    [
      -0.003141,
      -0.02872,
      0.003495
    ],
    [
      0.027518,
      0.039252,
      -0.066502
    ],
    [
      -0.05317,
      0.104419,
      0.027454
    ],
    [
      -0.011953,
      0.041065,
      -0.038437
    ],
    [
      0.060149,
      -0.014117,
      -0.010517
    ],
    [
      0.010517,
      -0.004252,
      0.061597
    ]
  ],
  "gravity": [
    0,
    0,
    -9.8
  ],
  "TCP": [
    [
      1,
      0,
      0,
      0
    ],
    [
      0,
      1,
      0,
      0
    ],
    [
      0,
      0,
      1,
      0
    ],
    [
      0,
      0,
      0,
      1
    ]
  ]
}